Image;La2_length;La2_mm;La3_length;La3_mm;La4_length;La4_mm;Ra2_length;Ra2_mm;Ra3_length;Ra3_mm;Ra4_length;Ra4_mm;Body_length;Body_mm
img (10).JPG;115.5088309;0.233159621;123.0329151;0.248347314;143.4274172;0.289514508;114.6977587;0.231522437;128.4945684;0.2593719;145.9188183;0.29454351;2130.517931;4.300543523
;;;;;;;;;;;;;;
img (102).JPG;90.87136106;0.183427812;132.8892641;0.268242785;138.2829941;0.279130265;100.1001739;0.202056574;115.8879522;0.233924894;128.3452209;0.259070436;1920.503727;3.876620675
;;;;;;;;;;;;;;
img (113).JPG;112.2501843;0.226581901;134.3797333;0.271251362;148.9590312;0.300680312;89.52006909;0.18070017;149.6241085;0.3020228;154.7319634;0.312333228;2010.706026;4.058697957
;;;;;;;;;;;;;;
img (115).JPG;;;;;;;;;;;;;2031.443217;4.100556883
;;;;;;;;;;;;;;
img (116).JPG;99.74253407;0.201334663;135.5147099;0.273542362;131.9996023;0.266446964;106.8602295;0.215702042;120.250167;0.242730216;130.8190828;0.264064034;;
;;;;;;;;;;;;;;
img (118).JPG;97.17472995;0.196151438;123.623676;0.249539791;128.8905606;0.260171228;105.6112012;0.213180824;116.0986477;0.234350193;154.5727943;0.312011938;2239.22136;4.519966143
;;;;;;;;;;;;;;
img (120).JPG;85.74557427;0.173081188;102.3141001;0.206525481;110.4503221;0.2229488;94.23412489;0.190215698;103.5905715;0.209102094;129.2333262;0.260863115;2001.527876;4.040171461
;;;;;;;;;;;;;;
img (122).JPG;97.45587173;0.196718935;140.3592375;0.283321253;140.8424025;0.284296542;110.8079191;0.223670626;124.609421;0.25152956;157.4946817;0.317909896;2415.524552;4.875841838
;;;;;;;;;;;;;;
img (124).JPG;106.0393851;0.214045131;116.1474138;0.234448629;121.9687106;0.246199171;103.8094531;0.209543916;124.3834363;0.2510734;122.1780702;0.246621772;1905.347005;3.84602617
;;;;;;;;;;;;;;
img (127).JPG;100.0632974;0.201982137;116.0500618;0.23425212;138.0539073;0.278667843;106.5903252;0.215157228;122.694856;0.247664927;133.8417193;0.270165358;2072.353313;4.183135699
;;;;;;;;;;;;;;
img (129).JPG;114.6922468;0.231511311;131.0218781;0.264473385;143.6606467;0.289985292;106.234285;0.214438545;127.052469;0.256460959;157.0496005;0.31701148;2089.992583;4.218741337
;;;;;;;;;;;;;;
img (131).JPG;117.0508089;0.236272172;127.4671407;0.257297992;129.7987565;0.262004461;101.0304836;0.203934445;115.1308769;0.232396705;120.3451738;0.242921991;1940.673132;3.917333501
;;;;;;;;;;;;;;
img (133).JPG;109.129182;0.220282022;127.5834787;0.257532826;146.1103173;0.294930059;108.4106789;0.218831692;138.2527197;0.279069155;136.5198997;0.275571382;2256.910928;4.555673309
;;;;;;;;;;;;;;
img (135).JPG;117.6204322;0.237421981;132.1646936;0.266780208;161.2986904;0.325588453;88.44425805;0.178528599;161.329226;0.325650091;137.3483304;0.277243605;2131.973354;4.303481356
;;;;;;;;;;;;;;
img (137).JPG;97.9359919;0.197688078;140.5629392;0.283732434;133.7567508;0.269993845;104.1476;0.210226481;131.4655474;0.265368951;133.6696694;0.269818068;2236.961948;4.51540542
;;;;;;;;;;;;;;
img (139).JPG;116.8990191;0.235965777;149.0554757;0.30087499;156.6717153;0.316248702;126.0259866;0.25438896;136.9782251;0.276496532;161.0316537;0.325049428;;
;;;;;;;;;;;;;;
img (140).JPG;;;;;;;;;;;;;2182.933874;4.406347392
;;;;;;;;;;;;;;
img (142).JPG;102.4390165;0.20677763;122.8502401;0.247978577;129.1869576;0.260769518;96.10540381;0.193992956;116.8139494;0.23579406;127.006055;0.256367271;2120.926406;4.281182609
;;;;;;;;;;;;;;
img (146).JPG;110.2824911;0.222610026;142.5031139;0.287648761;147.3619168;0.297456467;108.6849305;0.21938528;145.1156248;0.292922229;155.4075073;0.313696843;2365.640893;4.775149493
;;;;;;;;;;;;;;
img (148).JPG;108.6541789;0.219323207;118.237263;0.238667081;133.4476111;0.269369833;97.82866214;0.197471428;124.8542315;0.252023721;136.1695203;0.274864126;2028.854067;4.09533057
;;;;;;;;;;;;;;
img (150).JPG;113.0941733;0.22828553;132.5428145;0.267543462;135.4643849;0.273440779;105.2303197;0.212411998;119.2355589;0.240682185;148.4249512;0.299602248;2067.027261;4.17238483
;;;;;;;;;;;;;;
img (152).JPG;111.2909869;0.224645719;133.4101399;0.269294196;147.6344711;0.29800663;116.0151889;0.234181727;142.0572804;0.286748827;137.6672883;0.277887436;2025.493241;4.088546596
;;;;;;;;;;;;;;
img (154).JPG;104.1443184;0.210219857;142.3268286;0.287292922;143.2213903;0.289098633;113.7810116;0.229671943;130.6197855;0.263661744;153.6513331;0.310151929;2108.232859;4.25556013
;;;;;;;;;;;;;;
img (156).JPG;118.3715124;0.238938069;143.526695;0.289714904;154.14928;0.311157056;106.3253938;0.214622453;140.1448066;0.282888415;156.7784623;0.316464175;2063.881369;4.166034709
;;;;;;;;;;;;;;
img (158).JPG;118.8549808;0.239913971;144.3527299;0.291382292;148.4884176;0.299730358;123.798303;0.249892283;141.6985442;0.286024702;145.2294424;0.293151974;2298.090446;4.638795963
;;;;;;;;;;;;;;
img (160).JPG;97.53454469;0.19687774;118.3086866;0.238811253;125.8275233;0.253988353;92.63081389;0.186979345;127.998035;0.258369626;111.7358223;0.225543639;1836.510544;3.707076767
;;;;;;;;;;;;;;
img (162).JPG;98.07478627;0.197968241;114.5486291;0.231221412;130.0719103;0.262555834;111.4142083;0.224894447;126.896986;0.25614711;134.1440261;0.270775577;2149.681639;4.339226303
;;;;;;;;;;;;;;
img (164).JPG;132.6759162;0.267812133;155.6161927;0.314118083;139.7642953;0.282120336;130.2963742;0.263008924;148.9065816;0.30057444;140.6543344;0.283916919;2394.903513;4.83421737
;;;;;;;;;;;;;;
img (166).JPG;102.1167505;0.206127122;131.2443886;0.264922532;138.1427511;0.278847178;108.9479451;0.219916187;128.6721095;0.259730274;137.6565753;0.277865811;2119.257958;4.277814775
;;;;;;;;;;;;;;
img (168).JPG;112.8049336;0.227701687;129.2958833;0.260989389;134.0580181;0.270601966;106.4702717;0.214914895;115.2553544;0.232647968;123.0057767;0.248292534;2014.951065;4.067266755
;;;;;;;;;;;;;;
img (170).JPG;100.6604805;0.203187577;111.8438471;0.225761692;151.1668825;0.305136956;95.09978841;0.191963078;142.5292622;0.287701543;137.1493872;0.27684203;1911.28071;3.858003613
;;;;;;;;;;;;;;
img (172).JPG;111.7717752;0.225616211;132.6163503;0.267691897;142.9310951;0.28851266;113.0175238;0.228130809;128.7352978;0.259857823;129.7625607;0.261931398;2069.580893;4.177539448
;;;;;;;;;;;;;;
img (174).JPG;103.9977511;0.209924004;146.328265;0.295369996;155.3177542;0.313515672;113.1146146;0.228326791;145.4675872;0.29363268;141.003195;0.284621109;2064.817779;4.167924895
;;;;;;;;;;;;;;
img (176).JPG;116.7671023;0.235699497;145.7043728;0.294110642;142.2801085;0.287198615;112.8571258;0.227807039;143.1841782;0.289023519;146.4974486;0.2957115;2227.144379;4.495588229
;;;;;;;;;;;;;;
img (178).JPG;108.1561033;0.21831782;158.6599064;0.320261953;149.2179392;0.301202929;110.6878455;0.223428252;137.36249;0.277272187;140.4464377;0.28349727;2193.254008;4.427179033
;;;;;;;;;;;;;;
img (180).JPG;104.8155107;0.211574688;115.6629181;0.233470653;148.2656816;0.299280756;111.0536711;0.224166687;130.4839031;0.263387459;130.5929045;0.263607483;1983.029435;4.002831549
;;;;;;;;;;;;;;
img (182).JPG;92.61099547;0.18693934;140.3191277;0.28324029;127.7480157;0.257864951;87.65192887;0.176929248;144.7976864;0.292280456;131.9867512;0.266421024;1907.691106;3.850757841
;;;;;;;;;;;;;;
img (184).JPG;119.0813854;0.240370979;154.4037958;0.311670807;160.1700928;0.32331033;122.7918442;0.247860702;155.3137843;0.313507659;156.2639304;0.31542557;2292.259749;4.627026449
;;;;;;;;;;;;;;
img (186).JPG;97.38226605;0.196570358;120.7378557;0.243714637;119.0917137;0.240391827;99.12770173;0.200093597;123.7081188;0.249710242;119.9895279;0.242204104;1848.306798;3.73088802
;;;;;;;;;;;;;;
img (188).JPG;115.9643636;0.234079134;142.3512629;0.287342243;154.6824488;0.312233281;111.0801741;0.224220184;143.8024672;0.290271562;142.9309364;0.28851234;2083.668034;4.205974957
;;;;;;;;;;;;;;
img (19).JPG;117.2102749;0.236594061;155.9081873;0.314707487;155.7315022;0.314350841;120.0761844;0.242379024;159.6073077;0.322174324;156.790374;0.31648822;2175.04256;4.390418431
;;;;;;;;;;;;;;
img (190).JPG;100.7718783;0.203412439;134.292629;0.271075539;137.0280012;0.276597007;105.4323069;0.212819718;144.8288477;0.292343356;147.0778908;0.296883148;2067.143007;4.172618469
;;;;;;;;;;;;;;
img (192).JPG;107.5739485;0.217142715;141.0727853;0.28476158;155.6024505;0.314090344;108.9327396;0.219885494;154.2170016;0.311293755;148.4695025;0.299692177;2223.544154;4.488321017
;;;;;;;;;;;;;;
img (194).JPG;95.95654468;0.193692478;128.3937535;0.259168401;133.9765391;0.270437497;101.9940204;0.205879386;132.3896597;0.267234312;138.0362371;0.278632175;2061.677342;4.161585785
;;;;;;;;;;;;;;
img (196).JPG;113.3519778;0.228805919;150.4182844;0.303625879;147.771935;0.298284107;92.95189246;0.187627456;145.9624374;0.294631557;141.4699718;0.285563319;2158.171408;4.356363273
;;;;;;;;;;;;;;
img (198).JPG;101.5596639;0.205002618;141.1804688;0.284978944;149.1438111;0.301053299;109.4330346;0.220895361;143.2773317;0.289211554;142.5031903;0.287648915;2022.437561;4.082378573
;;;;;;;;;;;;;;
img (2).JPG;115.9177443;0.233985031;119.1046089;0.240417857;138.9373815;0.280451174;92.89018597;0.187502899;127.1829717;0.256724385;144.9064495;0.292499999;2026.459663;4.090497361
;;;;;;;;;;;;;;
img (202).JPG;;;;;;;;;;;;;;
;;;;;;;;;;;;;;
img (204).JPG;;;;;;;;;;;;;;
;;;;;;;;;;;;;;
img (206).JPG;;;;;;;;;;;;;;
;;;;;;;;;;;;;;
img (208).JPG;;;;;;;;;;;;;;
;;;;;;;;;;;;;;
img (210).JPG;;;;;;;;;;;;;;
;;;;;;;;;;;;;;
img (211).JPG;;;;;;;;;;;;;;
;;;;;;;;;;;;;;
img (213).JPG;109.5781274;0.221188237;140.6893124;0.283987524;145.1364123;0.292964189;95.98757468;0.193755113;133.1709975;0.268811476;139.081065;0.280741206;1893.526753;3.822166476
;;;;;;;;;;;;;;
img (216).JPG;105.5215978;0.212999955;129.1045807;0.260603236;139.3757701;0.281336081;95.84592772;0.193469192;130.7124579;0.263848807;122.8043915;0.247886029;1937.750962;3.911434973
;;;;;;;;;;;;;;
img (218).JPG;112.0197343;0.226116728;125.74838;0.253828599;132.5489326;0.267555811;108.1508278;0.218307171;134.8491861;0.272198973;142.2818261;0.287202082;2127.517939;4.294487906
;;;;;;;;;;;;;;
img (220).JPG;128.5316314;0.259446713;161.47885;0.325952113;169.5959259;0.342336786;123.0264616;0.248334288;164.0738486;0.331190231;164.5307108;0.332112428;2344.306366;4.732084818
;;;;;;;;;;;;;;
img (222).JPG;102.9351335;0.207779064;127.1133371;0.256583824;138.4258653;0.279418657;108.3717789;0.21875317;123.1034575;0.248489707;131.5206017;0.26548008;2043.595089;4.125085968
;;;;;;;;;;;;;;
img (224).JPG;108.7126849;0.219441304;134.4393259;0.271371653;153.9429702;0.310740611;111.7514004;0.225575084;133.2406737;0.268952121;154.2775203;0.311415915;2153.999863;4.347942827
;;;;;;;;;;;;;;
img (226).JPG;117.6596849;0.237501214;144.2840321;0.291243622;146.5868288;0.295891918;117.0939006;0.236359154;147.8601366;0.298462145;145.7243413;0.294150949;2082.071735;4.202752759
;;;;;;;;;;;;;;
img (228).JPG;115.7006555;0.233546828;142.9456529;0.288542045;141.2250332;0.285068899;120.93848;0.244119605;125.3467593;0.25301791;144.9683874;0.292625023;2160.095799;4.360247742
;;;;;;;;;;;;;;
img (230).JPG;107.7224628;0.217442497;138.1857162;0.278933905;157.3025699;0.31752211;95.10202206;0.191967586;142.1100679;0.286855381;145.6403425;0.293981394;2011.330481;4.059958448
;;;;;;;;;;;;;;
img (232).JPG;107.7863303;0.217571417;150.8153452;0.304427363;152.4237489;0.307673996;117.300581;0.236776347;138.712552;0.279997346;160.0548668;0.323077741;;
;;;;;;;;;;;;;;
img (233).JPG;;;;;;;;;;;;;2082.395089;4.203405464
;;;;;;;;;;;;;;
img (235).JPG;104.8861533;0.211717283;126.3327934;0.255008263;136.0523744;0.274627662;103.3004612;0.208516494;129.7678767;0.261942128;139.1534773;0.280887373;1959.91269;3.95616939
;;;;;;;;;;;;;;
img (237).JPG;129.6241062;0.261651921;138.6054246;0.279781105;150.666257;0.304126422;116.5923209;0.235346694;146.6484932;0.29601639;146.0181446;0.294744004;2255.015968;4.551848248
;;;;;;;;;;;;;;
img (239).JPG;93.30204039;0.188334245;120.3064425;0.24284381;127.8616628;0.258094352;103.9084102;0.209743665;140.481193;0.283567425;140.7588193;0.284127826;2108.90051;4.256907813
;;;;;;;;;;;;;;
img (24).JPG;114.7720563;0.23167241;154.2973918;0.311456026;161.4588834;0.32591181;78.26174234;0.157974746;128.4884663;0.259359583;108.7609106;0.21953865;2077.264541;4.193049228
;;;;;;;;;;;;;;
img (241).JPG;119.2561122;0.240723673;147.3077645;0.297347158;156.3178467;0.315534403;119.3942463;0.241002502;142.4435927;0.287528615;151.6817038;0.306176146;2183.938818;4.408375915
;;;;;;;;;;;;;;
img (243).JPG;110.0018964;0.222043634;128.512221;0.259407533;132.8203945;0.268103769;101.3291907;0.204537398;137.8288279;0.278213511;136.3917258;0.275312657;2114.236161;4.267678058
;;;;;;;;;;;;;;
img (245).JPG;114.062038;0.230239207;142.9249236;0.288500202;140.9015137;0.284415861;109.4059886;0.220840768;138.8075164;0.280189036;139.928611;0.282452015;2217.957063;4.477043229
;;;;;;;;;;;;;;
img (247).JPG;114.3977315;0.230916819;143.7953054;0.290257106;148.7445907;0.300247455;111.1637336;0.224388853;137.5629164;0.277676757;161.6475868;0.326292716;2172.739642;4.385769891
;;;;;;;;;;;;;;
img (249).JPG;124.428999;0.251165371;136.9665955;0.276473057;144.260421;0.291195962;115.4585568;0.233058141;143.8745899;0.290417145;150.2795076;0.303345751;2389.315524;4.82293777
;;;;;;;;;;;;;;
img (251).JPG;100.3887623;0.202639102;133.6711061;0.269820967;144.3355334;0.29134758;104.8467044;0.211637653;130.7014699;0.263826627;147.1523152;0.297033377;2188.499339;4.417581527
;;;;;;;;;;;;;;
img (252).JPG;98.61446832;0.199057613;123.6449206;0.249582674;122.9478891;0.248175686;113.8553725;0.229822043;140.2931238;0.283187799;141.2962483;0.28521265;2104.384565;4.24779218
;;;;;;;;;;;;;;
img (254).JPG;107.1860553;0.216359735;141.3369583;0.285294825;141.0882364;0.284792769;110.0563405;0.222153531;132.5882369;0.267635149;156.797293;0.316502186;2118.360314;4.276002841
;;;;;;;;;;;;;;
img (255).JPG;121.0762954;0.244397792;140.1522169;0.282903373;147.4690275;0.297672675;105.0395348;0.21202689;134.9529773;0.272408481;146.5574039;0.295832523;2061.466372;4.161159932
;;;;;;;;;;;;;;
img (257).JPG;123.6689768;0.249631232;162.3862789;0.327783798;163.6890465;0.330413492;115.8553058;0.233858996;149.5437522;0.301860597;160.7539488;0.324488869;2068.743192;4.175848512
;;;;;;;;;;;;;;
img (259).JPG;103.1412251;0.208195069;133.1294891;0.26872769;132.4370425;0.267329956;102.2398731;0.206375651;150.4427702;0.303675304;161.5013558;0.325997542;2124.125525;4.287640172
;;;;;;;;;;;;;;
img (26).JPG;112.6856947;0.227460998;138.6872499;0.279946273;168.0101183;0.339135764;136.9488986;0.276437335;156.2882062;0.315474572;161.3245792;0.325640711;2212.238693;4.465500451
;;;;;;;;;;;;;;
img (261).JPG;111.4441488;0.224954883;143.6659076;0.289995911;155.3906958;0.313662908;106.7477061;0.215474908;144.8358719;0.292357535;146.2952574;0.295303368;2102.5002;4.243988508
;;;;;;;;;;;;;;
img (263).JPG;106.6220447;0.215221255;126.7260692;0.255802107;143.1208477;0.288895684;101.3484511;0.204576276;134.7858116;0.272071049;141.7641234;0.286157076;1852.749451;3.73985571
;;;;;;;;;;;;;;
img (265).JPG;111.5257523;0.225119603;135.5368756;0.273587105;147.1509634;0.297030648;102.0282113;0.205948402;129.9484473;0.262306618;148.5178284;0.299789725;2183.913235;4.408324276
;;;;;;;;;;;;;;
img (267).JPG;100.9631245;0.203798478;116.677065;0.235517753;128.1409554;0.258658117;89.35586475;0.180368717;126.4474675;0.255239737;127.8789971;0.258129342;1788.995984;3.611166551
;;;;;;;;;;;;;;
img (269).JPG;120.1292689;0.242486177;132.0319872;0.266512334;149.7436728;0.302264146;103.0050869;0.207920268;138.3629063;0.279291571;149.2200417;0.301207173;2296.37036;4.635323895
;;;;;;;;;;;;;;
img (271).JPG;88.35819549;0.178354878;104.0377893;0.210004823;117.3883217;0.236953456;88.04395068;0.177720561;96.74899193;0.195292067;108.576056;0.219165513;1663.151578;3.35714412
;;;;;;;;;;;;;;
img (273).JPG;94.61519177;0.190984898;112.8110013;0.227713935;145.2229477;0.293138864;94.98563862;0.191732661;148.5262229;0.29980667;137.4873734;0.27752427;2129.948463;4.299394025
;;;;;;;;;;;;;;
img (275).JPG;107.1589021;0.216304925;119.4103116;0.241034931;129.1504934;0.260695913;112.5977943;0.227283567;125.1565224;0.252633908;136.3700866;0.275268978;2006.913474;4.051042524
;;;;;;;;;;;;;;
img (277).JPG;108.0107985;0.218024515;117.8863564;0.237958761;134.5709427;0.271637327;75.65510421;0.152713133;135.7460704;0.274009374;127.534953;0.257434874;2003.193244;4.043533078
;;;;;;;;;;;;;;
img (279).JPG;120.2692294;0.242768694;146.3305256;0.295374559;152.1715806;0.307164983;108.2069039;0.218420363;136.9213042;0.276381634;151.1170981;0.305036465;2164.858951;4.36986237
;;;;;;;;;;;;;;
img (281).JPG;92.60453473;0.186926299;106.0841636;0.214135519;102.006561;0.2059047;103.5449929;0.209010092;138.6537989;0.279878751;129.3476646;0.261093912;1930.926542;3.897659583
;;;;;;;;;;;;;;
img (283).JPG;100.2649008;0.202389083;126.5247102;0.255395655;128.9407079;0.260272452;98.46974456;0.198765481;133.9361578;0.270355986;131.9077752;0.266261607;1868.68047;3.772013167
;;;;;;;;;;;;;;
img (286).JPG;109.5395713;0.22111041;137.9099728;0.278377305;150.9636954;0.304726814;109.9331756;0.221904918;145.4674325;0.293632368;147.8481399;0.29843793;2031.657387;4.100989194
;;;;;;;;;;;;;;
img (288).JPG;102.8776952;0.207663122;131.236834;0.264907283;126.0104881;0.254357675;95.00944134;0.191780708;132.6559813;0.267771894;130.1100266;0.262632773;2094.044727;4.226920766
;;;;;;;;;;;;;;
img (290).JPG;91.14958588;0.183989421;109.3032586;0.220633403;108.6614577;0.2193379;94.71056314;0.191177409;106.6201006;0.215217331;113.5126389;0.229130221;1880.121649;3.795107686
;;;;;;;;;;;;;;
img (293).JPG;92.65911439;0.18703647;133.9423166;0.270368418;129.9236125;0.262256488;105.1009996;0.212150959;133.873231;0.270228965;127.841921;0.258054503;2006.973623;4.051163938
;;;;;;;;;;;;;;
img (295).JPG;108.1640409;0.218333842;134.8275067;0.272155213;155.2754491;0.313430278;106.1765515;0.214322008;134.1858226;0.270859945;142.8921882;0.288434125;2208.738602;4.458435365
;;;;;;;;;;;;;;
img (298).JPG;106.8494141;0.21568021;153.5849357;0.310017903;151.0965768;0.304995041;112.4723025;0.227030256;152.981226;0.308799288;151.0231391;0.304846804;2210.510901;4.462012826
;;;;;;;;;;;;;;
img (30).JPG;121.3130118;0.244875614;122.3022474;0.246872429;120.2920297;0.242814717;95.12006362;0.192004004;109.5236636;0.2210783;126.5403426;0.25542721;1958.318772;3.952951997
;;;;;;;;;;;;;;
img (300).JPG;110.8162882;0.223687519;143.0656637;0.288784292;145.9718824;0.294650622;108.692844;0.219401254;122.4608678;0.247192612;141.1738707;0.284965626;2135.223307;4.310041529
;;;;;;;;;;;;;;
img (302).JPG;88.76140095;0.179168766;118.5176184;0.239232991;119.9071223;0.242037765;101.2953497;0.204469089;127.4406992;0.257244619;126.099507;0.254537364;1864.154622;3.762877545
;;;;;;;;;;;;;;
img (304).JPG;96.96419727;0.195726468;102.7134685;0.207331623;128.0536144;0.258481815;95.73274368;0.193240725;122.6246513;0.247523216;126.0568576;0.254451274;1867.712558;3.770059395
;;;;;;;;;;;;;;
img (306).JPG;87.13390421;0.175883592;93.94998878;0.189642157;98.13715783;0.19809414;96.71726157;0.195228018;114.9923191;0.23211702;124.681723;0.251675505;1687.555043;3.40640358
;;;;;;;;;;;;;;
img (308).JPG;111.9552585;0.22598658;132.0033838;0.266454597;137.1419294;0.276826976;119.6000463;0.241417919;132.4953448;0.267447642;135.4546195;0.273421067;2035.594366;4.108936159
;;;;;;;;;;;;;;
img (31).JPG;128.8009765;0.259990398;153.4142993;0.309673465;179.0550768;0.361430495;130.1375455;0.262688321;163.3016413;0.329631497;170.8374129;0.344842781;2342.498931;4.728436432
;;;;;;;;;;;;;;
img (310).JPG;112.4240557;0.226932868;150.9357671;0.30467044;150.3708236;0.303530077;124.6273513;0.251565753;149.11398;0.300993083;151.6733702;0.306159324;2185.636118;4.41180199
;;;;;;;;;;;;;;
img (312).JPG;107.1912754;0.216370272;124.4196398;0.251146479;129.8909191;0.262190495;108.0432369;0.218089994;130.3189297;0.263054453;143.6282162;0.289919829;2067.328551;4.172992997
;;;;;;;;;;;;;;
img (314).JPG;94.41202967;0.190574807;131.4050021;0.265246737;136.1086813;0.27474132;127.936081;0.258244569;155.481001;0.313845193;164.4100536;0.331868876;2408.877855;4.86242519
;;;;;;;;;;;;;;
img (316).JPG;92.17745759;0.186064225;117.8773451;0.237940571;110.7598205;0.223573536;94.44941948;0.19065028;104.7150885;0.211371981;119.8751055;0.241973138;1778.017222;3.589005441
;;;;;;;;;;;;;;
img (318).JPG;113.4093792;0.228921786;140.9949408;0.284604448;156.0938117;0.315082178;94.14726038;0.190040358;129.8802231;0.262168905;161.693863;0.326386126;2065.24992;4.16879719
;;;;;;;;;;;;;;
img (320).JPG;102.5374968;0.206976417;134.9075042;0.272316691;142.9400928;0.288530822;99.55756364;0.200961292;140.842927;0.284297601;137.297844;0.277141696;2058.171275;4.154508636
;;;;;;;;;;;;;;
img (322).JPG;97.82087588;0.197455712;119.0137633;0.240234481;121.4571257;0.245166515;91.54565441;0.184788903;115.8474132;0.233843065;1503.484762;3.034849676;;
;;;;;;;;;;;;;;
img (324).JPG;110.9574127;0.223972385;131.5950895;0.265630437;136.9518846;0.276443362;115.262995;0.232663391;134.9104124;0.272322561;147.1004998;0.296928785;1995.579091;4.028163578
;;;;;;;;;;;;;;
img (326).JPG;106.5722313;0.215120705;134.6715168;0.27184034;145.6049271;0.293909907;124.6300733;0.251571248;146.4280139;0.295571343;158.6265608;0.320194643;2206.934591;4.454793888
;;;;;;;;;;;;;;
img (329).JPG;117.016567;0.236203053;145.4938849;0.293685763;147.367654;0.297468048;122.8583096;0.247994865;139.0416526;0.28066165;146.9486048;0.296622179;2120.949238;4.281228697
;;;;;;;;;;;;;;
img (33).JPG;104.4842098;0.210905942;140.3895847;0.28338251;141.7265201;0.286081173;115.345508;0.232829947;123.703301;0.249700517;161.8771379;0.326756075;2178.494585;4.397386495
;;;;;;;;;;;;;;
img (331).JPG;117.3525959;0.236881342;149.2249927;0.301217167;149.7720543;0.302321435;121.7567684;0.245771356;151.9414403;0.306700435;149.7376747;0.302252038;2260.305298;4.562524992
;;;;;;;;;;;;;;
img (333).JPG;105.955646;0.2138761;139.228081;0.281037964;142.0303521;0.286694471;112.8727221;0.227838521;141.9672233;0.286567043;151.2136684;0.305231396;1995.828081;4.028666176
;;;;;;;;;;;;;;
img (335).JPG;102.7492137;0.207403777;122.4204141;0.247110954;143.6716995;0.290007602;87.02664767;0.17566709;138.4138406;0.279394384;134.7040443;0.271905998;2184.426371;4.409360064
;;;;;;;;;;;;;;
img (339).JPG;100.111049;0.202078526;129.2880113;0.260973499;148.9078731;0.300577047;100.559345;0.202983431;133.3179992;0.269108206;134.9055908;0.272312829;1936.345369;3.908597722
;;;;;;;;;;;;;;
img (341).JPG;105.8014813;0.213564912;139.078969;0.280736975;138.3095852;0.27918394;113.7711045;0.229651945;139.7475567;0.282086548;145.4860716;0.293669992;2199.513306;4.439813701
;;;;;;;;;;;;;;
img (343).JPG;104.1500828;0.210231492;127.3568215;0.257075308;138.3951599;0.279356677;99.16593595;0.200170774;141.0446273;0.284704742;129.7167455;0.261838918;2049.119826;4.136237892
;;;;;;;;;;;;;;
img (345).JPG;105.1006634;0.212150281;144.0597029;0.290790804;165.7123736;0.334497666;101.005774;0.203884567;142.3157025;0.287270463;146.0291126;0.294766144;2099.46518;4.237862187
;;;;;;;;;;;;;;
img (347).JPG;117.2296724;0.236633215;151.8356824;0.306486958;150.5969013;0.303986425;121.7827085;0.245823718;151.4578745;0.305724337;147.9507397;0.298645032;2209.086302;4.459137211
;;;;;;;;;;;;;;
img (349).JPG;110.7387754;0.223531056;139.4551214;0.281496255;144.8667754;0.292419915;105.3010488;0.212554767;151.0831727;0.304967985;158.871893;0.320689857;2011.845666;4.06099837
;;;;;;;;;;;;;;
img (35).JPG;108.7509257;0.219518495;132.0077305;0.266463371;145.8034544;0.294310643;114.0106962;0.230135571;146.8216848;0.296365985;162.5338198;0.328081616;2292.418188;4.627346265
;;;;;;;;;;;;;;
img (351).JPG;109.467795;0.220965527;138.710444;0.279993091;149.565927;0.301905358;106.8032592;0.215587045;142.7619178;0.288171168;141.6277105;0.285881721;2044.68092;4.127277765
;;;;;;;;;;;;;;
img (353).JPG;92.89577521;0.187514181;125.9268794;0.254188907;133.9245098;0.270332474;106.9012368;0.215784817;142.0152786;0.286664044;136.1615537;0.274848045;2126.251309;4.291931158
;;;;;;;;;;;;;;
img (355).JPG;114.8328086;0.231795041;134.0109938;0.270507046;138.8279725;0.280230328;118.7813384;0.239765321;144.9245042;0.292536443;153.7824639;0.310416622;2203.876153;4.448620297
;;;;;;;;;;;;;;
img (357).JPG;100.1407542;0.202138487;136.9673881;0.276474657;136.6543614;0.275842799;101.4190219;0.204718727;133.5460631;0.269568563;135.5603716;0.273634532;1948.586935;3.933307858
;;;;;;;;;;;;;;
img (359).JPG;103.596087;0.209113228;128.5914151;0.259567389;125.8405026;0.254014552;101.3061845;0.204490959;132.8997688;0.268263989;122.9373042;0.248154319;1928.561749;3.892886146
;;;;;;;;;;;;;;
img (362).JPG;94.47673685;0.190705421;118.1501159;0.238491171;120.0815489;0.242389853;101.8388132;0.205566094;118.6816101;0.239564015;127.7727043;0.257914786;1849.807518;3.73391729
;;;;;;;;;;;;;;
img (364).JPG;95.55681085;0.192885597;132.0480507;0.266544759;139.0272689;0.280632616;100.3577112;0.202576424;129.2896878;0.260976883;134.0826333;0.270651653;2030.631982;4.098919369
;;;;;;;;;;;;;;
img (366).JPG;114.3640784;0.230848889;146.9901588;0.296706057;167.4826063;0.338070958;117.9463424;0.238079845;153.1310635;0.309101742;170.795285;0.344757744;2190.859344;4.422345299
;;;;;;;;;;;;;;
img (368).JPG;121.9057293;0.24607204;151.2570303;0.305318924;159.9311097;0.322827932;129.0682094;0.26052982;153.0309785;0.308899716;161.2628919;0.325516193;2129.024658;4.297529284
;;;;;;;;;;;;;;
img (37).JPG;117.7947589;0.237773867;137.6991908;0.277951832;143.7195625;0.290104216;108.090439;0.218185273;137.305191;0.277156527;144.6719826;0.292026717;2243.120042;4.527835803
;;;;;;;;;;;;;;
img (370).JPG;107.5422608;0.217078752;146.3577887;0.295429591;147.9601045;0.298663935;110.2244413;0.22249285;148.9152789;0.300591996;145.8233001;0.294350702;2105.480472;4.250004317
;;;;;;;;;;;;;;
img (372).JPG;111.2584825;0.224580108;145.726337;0.294154978;151.3224802;0.305451037;109.7375572;0.221510053;149.4966206;0.30176546;148.362919;0.299477034;2133.252045;4.30606245
;;;;;;;;;;;;;;
img (374).JPG;115.3604423;0.232860093;157.9524914;0.318834005;162.5853812;0.328185695;105.0301016;0.212007849;140.214716;0.28302953;144.6500691;0.291982484;2276.886449;4.59599477
;;;;;;;;;;;;;;
img (376).JPG;109.4973716;0.221025228;138.7252615;0.280023001;147.3777958;0.29748852;107.6814172;0.217359645;145.1213417;0.292933768;143.8100354;0.290286839;2135.031396;4.309654148
;;;;;;;;;;;;;;
img (378).JPG;95.79396676;0.193364307;122.6428061;0.247559862;138.9155735;0.280407154;106.5084736;0.214992007;136.6717686;0.275877936;138.3566098;0.279278861;2025.669002;4.088901378
;;;;;;;;;;;;;;
img (380).JPG;117.7797365;0.237743544;138.1460279;0.278853793;158.395586;0.31972841;104.0719779;0.210073834;137.8598987;0.278276228;161.8129485;0.326626506;2122.592563;4.284545821
;;;;;;;;;;;;;;
img (39).JPG;97.89848411;0.197612367;119.0448935;0.240297318;136.1225509;0.274769316;88.7678154;0.179181713;118.1341474;0.238458938;130.2269566;0.262868801;1988.477325;4.013828353
;;;;;;;;;;;;;;
img (43).JPG;105.2468494;0.212445363;125.4106633;0.253146903;131.7856587;0.26601511;101.1646534;0.204205273;124.4650804;0.251238202;141.4215094;0.285465495;2184.149335;4.408800855
;;;;;;;;;;;;;;
img (47).JPG;124.5054244;0.251319639;119.2337718;0.240678577;103.2111913;0.208336299;87.00508821;0.175623572;115.7692611;0.233685311;133.8060816;0.270093421;1871.401041;3.777504759
;;;;;;;;;;;;;;
img (49).JPG;114.4797456;0.231082368;163.4197746;0.329869955;124.0104973;0.250320607;119.5892012;0.241396027;137.964128;0.27848662;155.0575153;0.312990369;2124.113045;4.287614979
;;;;;;;;;;;;;;
img (5).JPG;108.1936645;0.218393638;131.4636109;0.265365042;140.7953139;0.284201492;106.5965448;0.215169783;132.9720216;0.268409835;143.3148395;0.289287265;2132.343808;4.304229134
;;;;;;;;;;;;;;
img (53).JPG;115.3587198;0.232856616;160.0048729;0.322976826;158.7439847;0.320431668;117.5648797;0.237309846;144.7616563;0.292207728;166.8838909;0.336862425;2292.929725;4.628378824
;;;;;;;;;;;;;;
img (56).JPG;109.1026112;0.220228387;120.6001111;0.243436593;137.337432;0.277221606;114.4835841;0.231090116;124.9799935;0.252277577;166.0545496;0.335188363;2286.307059;4.615010682
;;;;;;;;;;;;;;
img (58).JPG;108.2400682;0.218487307;131.9405029;0.266327669;139.807259;0.28220706;1341.395598;2.707665618;103.3469387;0.208610311;1795.616748;3.624530853;;
;;;;;;;;;;;;;;
img (59).JPG;91.91836147;0.185541228;114.4967439;0.23111668;118.9203005;0.240045822;1282.773503;2.589334357;100.488965;0.202841366;130.6034013;0.263628671;;
;;;;;;;;;;;;;;
img (61).JPG;100.8959605;0.203662904;145.5879182;0.293875573;1003.782196;2.026178216;137.3649223;0.277277097;144.8388081;0.292363462;;;;
;;;;;;;;;;;;;;
img (62).JPG;91.03347194;0.18375504;120.0232616;0.242272197;968.2309745;1.954416522;164.3761785;0.331800498;143.2786792;0.289214274;2146.299337;4.33239898;;
;;;;;;;;;;;;;;
img (64).JPG;131.506686;0.265451991;158.5371895;0.320014243;163.9191893;0.330878045;105.1499997;0.212249868;144.7915931;0.292268156;151.4958814;0.305801055;;
;;;;;;;;;;;;;;
img (65).JPG;131.5576187;0.265554801;162.4929581;0.327999135;166.1304074;0.335341485;109.6294418;0.221291818;146.3979656;0.295510689;163.8241149;0.330686133;;
;;;;;;;;;;;;;;
img (66).JPG;;;;;;;;;;;;;2350.42855;4.744442713
;;;;;;;;;;;;;;
img (68).JPG;104.907937;0.211761254;127.6391155;0.257645131;146.8612015;0.296445751;110.517003;0.223083399;120.5714007;0.24337864;136.9269002;0.27639293;2127.298099;4.294044151
;;;;;;;;;;;;;;
img (73).JPG;108.0476111;0.218098823;114.0042218;0.230122502;118.4104945;0.239016756;119.6961016;0.24161181;142.273697;0.287185673;145.081313;0.292852969;2271.747863;4.585622309
;;;;;;;;;;;;;;
img (77).JPG;120.7490882;0.24373731;150.0521111;0.302886742;151.170439;0.305144136;140.2058056;0.283011544;112.4772139;0.22704017;146.7270139;0.296174888;;
;;;;;;;;;;;;;;
img (79).JPG;;;;;;;;;;;;;2132.033413;4.303602589
;;;;;;;;;;;;;;
img (81).JPG;105.3321421;0.21261753;149.7551944;0.302287402;155.4961124;0.313875696;101.6963928;0.205278612;128.8721302;0.260134025;147.4163524;0.297566348;2245.894969;4.533437114
;;;;;;;;;;;;;;
img (83).JPG;100.4452268;0.202753079;154.081308;0.311019852;141.3908494;0.285403607;122.5772936;0.247427622;126.1819818;0.254703843;155.6756249;0.31423805;;
;;;;;;;;;;;;;;
img (84).JPG;;;;;;;;;;;;;2075.432158;4.189350482
;;;;;;;;;;;;;;
img (86).JPG;125.1452822;0.25261122;152.9050326;0.308645488;157.8729297;0.318673406;114.2863949;0.230692081;143.3419556;0.289342;146.5352348;0.295787773;;
;;;;;;;;;;;;;;
img (87).JPG;124.1448529;0.250591809;137.4742053;0.277497689;165.5840473;0.334238633;121.284617;0.244818298;146.4906763;0.29569783;146.7778889;0.296277581;2252.655039;4.547082611
;;;;;;;;;;;;;;
img (89).JPG;101.395808;0.204671868;146.8357425;0.296394361;141.9083953;0.286448296;119.3242159;0.240861143;144.7030341;0.292089396;143.2812179;0.289219398;1948.278538;3.932685346
;;;;;;;;;;;;;;
img (95).JPG;112.7775568;0.227646425;150.0582022;0.302899037;153.738508;0.310327895;116.2607675;0.234677438;153.8998516;0.310653574;148.530162;0.299814621;;
;;;;;;;;;;;;;;
img (97).JPG;;;;;;;;;;;;;2080.208805;4.198992354
